state_code,approval_rate
DC,0.8977683956574186
MD,0.8839783674159203
VA,0.88138147623388
